Model,ROUGE-1,ROUGE-2,ROUGE-L,BLEU,METEOR,TOPSIS Score,Rank
GPT-3,49.5,25.2,45.8,34.5,31.5,1.0,1.0
T5,48.1,23.5,44.3,32.1,30.2,0.6820119648361223,2.0
PEGASUS,47.8,24.0,43.7,31.7,29.8,0.6509978185025372,3.0
BART,45.2,22.1,41.5,30.5,28.3,0.31391750319810924,4.0
XLNet,42.3,21.2,39.8,28.7,26.7,0.0,5.0
